N,Module_code,Module_name,Module_volume_m3,Square_side_m,Square_area_m2,Cylinder_diameter_m,Cylinder_radius_m,Cube_side_m,VerticalCylinder_radius_m,VerticalCylinder_height_m,Sphere_diameter_m
1,F1_Housing,Módulo de Vivienda (hábitat principal),47.23,3.968,15.743,4.477,2.239,3.615,2.039,3.615,4.485
1,F1_Energy,Módulo de Energía,10.0,1.826,3.333,2.06,1.03,2.154,1.216,2.154,2.673
1,F1_Comm,Módulo de Comunicación,5.0,1.291,1.667,1.457,0.728,1.71,0.965,1.71,2.122
1,F1_Control,Módulo de Control & Mantenimiento,4.0,1.155,1.333,1.303,0.651,1.587,0.896,1.587,1.969
1,F1_Medical,Módulo Médico / Emergencias,10.0,1.826,3.333,2.06,1.03,2.154,1.216,2.154,2.673
1,F2_Lab,Módulo de Laboratorio Científico,20.0,2.582,6.667,2.913,1.457,2.714,1.531,2.714,3.368
1,F2_MOXIE,Módulo de Producción de Oxígeno (MOXIE ampliado),15.0,2.236,5.0,2.523,1.262,2.466,1.391,2.466,3.06
1,F2_Cultivo,Módulo de Cultivo / Invernadero,20.0,2.582,6.667,2.913,1.457,2.714,1.531,2.714,3.368
1,F2_Storage,Módulo de Almacenamiento y Logística,5.0,1.291,1.667,1.457,0.728,1.71,0.965,1.71,2.122
1,F3_Recreation,Módulo de Recreación / Social,12.0,2.0,4.0,2.257,1.128,2.289,1.292,2.289,2.84
1,F3_Transport,Módulo de Transporte y Exploración (hangar),10.0,1.826,3.333,2.06,1.03,2.154,1.216,2.154,2.673
1,F3_ISRU,Módulo de Manufactura (ISRU avanzada),30.0,3.162,10.0,3.568,1.784,3.107,1.753,3.107,3.855
1,F3_Visitors,Módulo de Visitantes / Expansión Humana,6.0,1.414,2.0,1.596,0.798,1.817,1.025,1.817,2.255
2,F1_Housing,Módulo de Vivienda (hábitat principal),48.38,4.016,16.127,4.531,2.266,3.644,2.056,3.644,4.521
2,F1_Energy,Módulo de Energía,10.0,1.826,3.333,2.06,1.03,2.154,1.216,2.154,2.673
2,F1_Comm,Módulo de Comunicación,5.0,1.291,1.667,1.457,0.728,1.71,0.965,1.71,2.122
2,F1_Control,Módulo de Control & Mantenimiento,4.0,1.155,1.333,1.303,0.651,1.587,0.896,1.587,1.969
2,F1_Medical,Módulo Médico / Emergencias,10.0,1.826,3.333,2.06,1.03,2.154,1.216,2.154,2.673
2,F2_Lab,Módulo de Laboratorio Científico,20.0,2.582,6.667,2.913,1.457,2.714,1.531,2.714,3.368
2,F2_MOXIE,Módulo de Producción de Oxígeno (MOXIE ampliado),15.0,2.236,5.0,2.523,1.262,2.466,1.391,2.466,3.06
2,F2_Cultivo,Módulo de Cultivo / Invernadero,20.0,2.582,6.667,2.913,1.457,2.714,1.531,2.714,3.368
2,F2_Storage,Módulo de Almacenamiento y Logística,10.0,1.826,3.333,2.06,1.03,2.154,1.216,2.154,2.673
2,F3_Recreation,Módulo de Recreación / Social,12.0,2.0,4.0,2.257,1.128,2.289,1.292,2.289,2.84
2,F3_Transport,Módulo de Transporte y Exploración (hangar),10.0,1.826,3.333,2.06,1.03,2.154,1.216,2.154,2.673
2,F3_ISRU,Módulo de Manufactura (ISRU avanzada),30.0,3.162,10.0,3.568,1.784,3.107,1.753,3.107,3.855
2,F3_Visitors,Módulo de Visitantes / Expansión Humana,6.0,1.414,2.0,1.596,0.798,1.817,1.025,1.817,2.255
3,F1_Housing,Módulo de Vivienda (hábitat principal),49.53,4.063,16.51,4.585,2.292,3.672,2.072,3.672,4.556
3,F1_Energy,Módulo de Energía,10.0,1.826,3.333,2.06,1.03,2.154,1.216,2.154,2.673
3,F1_Comm,Módulo de Comunicación,5.0,1.291,1.667,1.457,0.728,1.71,0.965,1.71,2.122
3,F1_Control,Módulo de Control & Mantenimiento,8.0,1.633,2.667,1.843,0.921,2.0,1.128,2.0,2.481
3,F1_Medical,Módulo Médico / Emergencias,10.0,1.826,3.333,2.06,1.03,2.154,1.216,2.154,2.673
3,F2_Lab,Módulo de Laboratorio Científico,40.0,3.651,13.333,4.12,2.06,3.42,1.93,3.42,4.243
3,F2_MOXIE,Módulo de Producción de Oxígeno (MOXIE ampliado),15.0,2.236,5.0,2.523,1.262,2.466,1.391,2.466,3.06
3,F2_Cultivo,Módulo de Cultivo / Invernadero,20.0,2.582,6.667,2.913,1.457,2.714,1.531,2.714,3.368
3,F2_Storage,Módulo de Almacenamiento y Logística,15.0,2.236,5.0,2.523,1.262,2.466,1.391,2.466,3.06
3,F3_Recreation,Módulo de Recreación / Social,12.0,2.0,4.0,2.257,1.128,2.289,1.292,2.289,2.84
3,F3_Transport,Módulo de Transporte y Exploración (hangar),10.0,1.826,3.333,2.06,1.03,2.154,1.216,2.154,2.673
3,F3_ISRU,Módulo de Manufactura (ISRU avanzada),30.0,3.162,10.0,3.568,1.784,3.107,1.753,3.107,3.855
3,F3_Visitors,Módulo de Visitantes / Expansión Humana,6.0,1.414,2.0,1.596,0.798,1.817,1.025,1.817,2.255
4,F1_Housing,Módulo de Vivienda (hábitat principal),65.0,4.655,21.667,5.252,2.626,4.021,2.268,4.021,4.989
4,F1_Energy,Módulo de Energía,10.0,1.826,3.333,2.06,1.03,2.154,1.216,2.154,2.673
4,F1_Comm,Módulo de Comunicación,5.0,1.291,1.667,1.457,0.728,1.71,0.965,1.71,2.122
4,F1_Control,Módulo de Control & Mantenimiento,8.0,1.633,2.667,1.843,0.921,2.0,1.128,2.0,2.481
4,F1_Medical,Módulo Médico / Emergencias,10.0,1.826,3.333,2.06,1.03,2.154,1.216,2.154,2.673
4,F2_Lab,Módulo de Laboratorio Científico,40.0,3.651,13.333,4.12,2.06,3.42,1.93,3.42,4.243
4,F2_MOXIE,Módulo de Producción de Oxígeno (MOXIE ampliado),15.0,2.236,5.0,2.523,1.262,2.466,1.391,2.466,3.06
4,F2_Cultivo,Módulo de Cultivo / Invernadero,20.0,2.582,6.667,2.913,1.457,2.714,1.531,2.714,3.368
4,F2_Storage,Módulo de Almacenamiento y Logística,20.0,2.582,6.667,2.913,1.457,2.714,1.531,2.714,3.368
4,F3_Recreation,Módulo de Recreación / Social,12.0,2.0,4.0,2.257,1.128,2.289,1.292,2.289,2.84
4,F3_Transport,Módulo de Transporte y Exploración (hangar),10.0,1.826,3.333,2.06,1.03,2.154,1.216,2.154,2.673
4,F3_ISRU,Módulo de Manufactura (ISRU avanzada),30.0,3.162,10.0,3.568,1.784,3.107,1.753,3.107,3.855
4,F3_Visitors,Módulo de Visitantes / Expansión Humana,6.0,1.414,2.0,1.596,0.798,1.817,1.025,1.817,2.255
5,F1_Housing,Módulo de Vivienda (hábitat principal),80.91,5.193,26.97,5.86,2.93,4.325,2.44,4.325,5.366
5,F1_Energy,Módulo de Energía,10.0,1.826,3.333,2.06,1.03,2.154,1.216,2.154,2.673
5,F1_Comm,Módulo de Comunicación,5.0,1.291,1.667,1.457,0.728,1.71,0.965,1.71,2.122
5,F1_Control,Módulo de Control & Mantenimiento,12.0,2.0,4.0,2.257,1.128,2.289,1.292,2.289,2.84
5,F1_Medical,Módulo Médico / Emergencias,10.0,1.826,3.333,2.06,1.03,2.154,1.216,2.154,2.673
5,F2_Lab,Módulo de Laboratorio Científico,60.0,4.472,20.0,5.046,2.523,3.915,2.209,3.915,4.857
5,F2_MOXIE,Módulo de Producción de Oxígeno (MOXIE ampliado),15.0,2.236,5.0,2.523,1.262,2.466,1.391,2.466,3.06
5,F2_Cultivo,Módulo de Cultivo / Invernadero,40.0,3.651,13.333,4.12,2.06,3.42,1.93,3.42,4.243
5,F2_Storage,Módulo de Almacenamiento y Logística,25.0,2.887,8.333,3.257,1.629,2.924,1.65,2.924,3.628
5,F3_Recreation,Módulo de Recreación / Social,12.0,2.0,4.0,2.257,1.128,2.289,1.292,2.289,2.84
5,F3_Transport,Módulo de Transporte y Exploración (hangar),10.0,1.826,3.333,2.06,1.03,2.154,1.216,2.154,2.673
5,F3_ISRU,Módulo de Manufactura (ISRU avanzada),30.0,3.162,10.0,3.568,1.784,3.107,1.753,3.107,3.855
5,F3_Visitors,Módulo de Visitantes / Expansión Humana,6.0,1.414,2.0,1.596,0.798,1.817,1.025,1.817,2.255
6,F1_Housing,Módulo de Vivienda (hábitat principal),85.0,5.323,28.333,6.006,3.003,4.397,2.481,4.397,5.455
6,F1_Energy,Módulo de Energía,10.0,1.826,3.333,2.06,1.03,2.154,1.216,2.154,2.673
6,F1_Comm,Módulo de Comunicación,5.0,1.291,1.667,1.457,0.728,1.71,0.965,1.71,2.122
6,F1_Control,Módulo de Control & Mantenimiento,12.0,2.0,4.0,2.257,1.128,2.289,1.292,2.289,2.84
6,F1_Medical,Módulo Médico / Emergencias,10.0,1.826,3.333,2.06,1.03,2.154,1.216,2.154,2.673
6,F2_Lab,Módulo de Laboratorio Científico,60.0,4.472,20.0,5.046,2.523,3.915,2.209,3.915,4.857
6,F2_MOXIE,Módulo de Producción de Oxígeno (MOXIE ampliado),15.0,2.236,5.0,2.523,1.262,2.466,1.391,2.466,3.06
6,F2_Cultivo,Módulo de Cultivo / Invernadero,40.0,3.651,13.333,4.12,2.06,3.42,1.93,3.42,4.243
6,F2_Storage,Módulo de Almacenamiento y Logística,30.0,3.162,10.0,3.568,1.784,3.107,1.753,3.107,3.855
6,F3_Recreation,Módulo de Recreación / Social,12.0,2.0,4.0,2.257,1.128,2.289,1.292,2.289,2.84
6,F3_Transport,Módulo de Transporte y Exploración (hangar),10.0,1.826,3.333,2.06,1.03,2.154,1.216,2.154,2.673
6,F3_ISRU,Módulo de Manufactura (ISRU avanzada),30.0,3.162,10.0,3.568,1.784,3.107,1.753,3.107,3.855
6,F3_Visitors,Módulo de Visitantes / Expansión Humana,6.0,1.414,2.0,1.596,0.798,1.817,1.025,1.817,2.255
7,F1_Housing,Módulo de Vivienda (hábitat principal),93.0,5.568,31.0,6.283,3.141,4.531,2.556,4.531,5.621
7,F1_Energy,Módulo de Energía,10.0,1.826,3.333,2.06,1.03,2.154,1.216,2.154,2.673
7,F1_Comm,Módulo de Comunicación,5.0,1.291,1.667,1.457,0.728,1.71,0.965,1.71,2.122
7,F1_Control,Módulo de Control & Mantenimiento,16.0,2.309,5.333,2.606,1.303,2.52,1.422,2.52,3.126
7,F1_Medical,Módulo Médico / Emergencias,10.0,1.826,3.333,2.06,1.03,2.154,1.216,2.154,2.673
7,F2_Lab,Módulo de Laboratorio Científico,80.0,5.164,26.667,5.827,2.913,4.309,2.431,4.309,5.346
7,F2_MOXIE,Módulo de Producción de Oxígeno (MOXIE ampliado),15.0,2.236,5.0,2.523,1.262,2.466,1.391,2.466,3.06
7,F2_Cultivo,Módulo de Cultivo / Invernadero,40.0,3.651,13.333,4.12,2.06,3.42,1.93,3.42,4.243
7,F2_Storage,Módulo de Almacenamiento y Logística,35.0,3.416,11.667,3.854,1.927,3.271,1.846,3.271,4.058
7,F3_Recreation,Módulo de Recreación / Social,12.0,2.0,4.0,2.257,1.128,2.289,1.292,2.289,2.84
7,F3_Transport,Módulo de Transporte y Exploración (hangar),10.0,1.826,3.333,2.06,1.03,2.154,1.216,2.154,2.673
7,F3_ISRU,Módulo de Manufactura (ISRU avanzada),30.0,3.162,10.0,3.568,1.784,3.107,1.753,3.107,3.855
7,F3_Visitors,Módulo de Visitantes / Expansión Humana,6.0,1.414,2.0,1.596,0.798,1.817,1.025,1.817,2.255
8,F1_Housing,Módulo de Vivienda (hábitat principal),125.0,6.455,41.667,7.284,3.642,5.0,2.821,5.0,6.204
8,F1_Energy,Módulo de Energía,10.0,1.826,3.333,2.06,1.03,2.154,1.216,2.154,2.673
8,F1_Comm,Módulo de Comunicación,5.0,1.291,1.667,1.457,0.728,1.71,0.965,1.71,2.122
8,F1_Control,Módulo de Control & Mantenimiento,16.0,2.309,5.333,2.606,1.303,2.52,1.422,2.52,3.126
8,F1_Medical,Módulo Médico / Emergencias,10.0,1.826,3.333,2.06,1.03,2.154,1.216,2.154,2.673
8,F2_Lab,Módulo de Laboratorio Científico,80.0,5.164,26.667,5.827,2.913,4.309,2.431,4.309,5.346
8,F2_MOXIE,Módulo de Producción de Oxígeno (MOXIE ampliado),15.0,2.236,5.0,2.523,1.262,2.466,1.391,2.466,3.06
8,F2_Cultivo,Módulo de Cultivo / Invernadero,40.0,3.651,13.333,4.12,2.06,3.42,1.93,3.42,4.243
8,F2_Storage,Módulo de Almacenamiento y Logística,40.0,3.651,13.333,4.12,2.06,3.42,1.93,3.42,4.243
8,F3_Recreation,Módulo de Recreación / Social,12.0,2.0,4.0,2.257,1.128,2.289,1.292,2.289,2.84
8,F3_Transport,Módulo de Transporte y Exploración (hangar),10.0,1.826,3.333,2.06,1.03,2.154,1.216,2.154,2.673
8,F3_ISRU,Módulo de Manufactura (ISRU avanzada),30.0,3.162,10.0,3.568,1.784,3.107,1.753,3.107,3.855
8,F3_Visitors,Módulo de Visitantes / Expansión Humana,6.0,1.414,2.0,1.596,0.798,1.817,1.025,1.817,2.255
9,F1_Housing,Módulo de Vivienda (hábitat principal),114.59,6.18,38.197,6.974,3.487,4.857,2.74,4.857,6.026
9,F1_Energy,Módulo de Energía,10.0,1.826,3.333,2.06,1.03,2.154,1.216,2.154,2.673
9,F1_Comm,Módulo de Comunicación,5.0,1.291,1.667,1.457,0.728,1.71,0.965,1.71,2.122
9,F1_Control,Módulo de Control & Mantenimiento,20.0,2.582,6.667,2.913,1.457,2.714,1.531,2.714,3.368
9,F1_Medical,Módulo Médico / Emergencias,10.0,1.826,3.333,2.06,1.03,2.154,1.216,2.154,2.673
9,F2_Lab,Módulo de Laboratorio Científico,100.0,5.774,33.333,6.515,3.257,4.642,2.619,4.642,5.759
9,F2_MOXIE,Módulo de Producción de Oxígeno (MOXIE ampliado),15.0,2.236,5.0,2.523,1.262,2.466,1.391,2.466,3.06
9,F2_Cultivo,Módulo de Cultivo / Invernadero,60.0,4.472,20.0,5.046,2.523,3.915,2.209,3.915,4.857
9,F2_Storage,Módulo de Almacenamiento y Logística,45.0,3.873,15.0,4.37,2.185,3.557,2.007,3.557,4.413
9,F3_Recreation,Módulo de Recreación / Social,12.0,2.0,4.0,2.257,1.128,2.289,1.292,2.289,2.84
9,F3_Transport,Módulo de Transporte y Exploración (hangar),10.0,1.826,3.333,2.06,1.03,2.154,1.216,2.154,2.673
9,F3_ISRU,Módulo de Manufactura (ISRU avanzada),30.0,3.162,10.0,3.568,1.784,3.107,1.753,3.107,3.855
9,F3_Visitors,Módulo de Visitantes / Expansión Humana,6.0,1.414,2.0,1.596,0.798,1.817,1.025,1.817,2.255
10,F1_Housing,Módulo de Vivienda (hábitat principal),145.0,6.952,48.333,7.845,3.922,5.254,2.964,5.254,6.518
10,F1_Energy,Módulo de Energía,10.0,1.826,3.333,2.06,1.03,2.154,1.216,2.154,2.673
10,F1_Comm,Módulo de Comunicación,5.0,1.291,1.667,1.457,0.728,1.71,0.965,1.71,2.122
10,F1_Control,Módulo de Control & Mantenimiento,20.0,2.582,6.667,2.913,1.457,2.714,1.531,2.714,3.368
10,F1_Medical,Módulo Médico / Emergencias,10.0,1.826,3.333,2.06,1.03,2.154,1.216,2.154,2.673
10,F2_Lab,Módulo de Laboratorio Científico,100.0,5.774,33.333,6.515,3.257,4.642,2.619,4.642,5.759
10,F2_MOXIE,Módulo de Producción de Oxígeno (MOXIE ampliado),15.0,2.236,5.0,2.523,1.262,2.466,1.391,2.466,3.06
10,F2_Cultivo,Módulo de Cultivo / Invernadero,60.0,4.472,20.0,5.046,2.523,3.915,2.209,3.915,4.857
10,F2_Storage,Módulo de Almacenamiento y Logística,50.0,4.082,16.667,4.607,2.303,3.684,2.078,3.684,4.571
10,F3_Recreation,Módulo de Recreación / Social,12.0,2.0,4.0,2.257,1.128,2.289,1.292,2.289,2.84
10,F3_Transport,Módulo de Transporte y Exploración (hangar),10.0,1.826,3.333,2.06,1.03,2.154,1.216,2.154,2.673
10,F3_ISRU,Módulo de Manufactura (ISRU avanzada),30.0,3.162,10.0,3.568,1.784,3.107,1.753,3.107,3.855
10,F3_Visitors,Módulo de Visitantes / Expansión Humana,6.0,1.414,2.0,1.596,0.798,1.817,1.025,1.817,2.255
11,F1_Housing,Módulo de Vivienda (hábitat principal),153.0,7.141,51.0,8.058,4.029,5.348,3.018,5.348,6.636
11,F1_Energy,Módulo de Energía,10.0,1.826,3.333,2.06,1.03,2.154,1.216,2.154,2.673
11,F1_Comm,Módulo de Comunicación,5.0,1.291,1.667,1.457,0.728,1.71,0.965,1.71,2.122
11,F1_Control,Módulo de Control & Mantenimiento,24.0,2.828,8.0,3.192,1.596,2.884,1.627,2.884,3.579
11,F1_Medical,Módulo Médico / Emergencias,10.0,1.826,3.333,2.06,1.03,2.154,1.216,2.154,2.673
11,F2_Lab,Módulo de Laboratorio Científico,120.0,6.325,40.0,7.136,3.568,4.932,2.783,4.932,6.12
11,F2_MOXIE,Módulo de Producción de Oxígeno (MOXIE ampliado),15.0,2.236,5.0,2.523,1.262,2.466,1.391,2.466,3.06
11,F2_Cultivo,Módulo de Cultivo / Invernadero,60.0,4.472,20.0,5.046,2.523,3.915,2.209,3.915,4.857
11,F2_Storage,Módulo de Almacenamiento y Logística,55.0,4.282,18.333,4.831,2.416,3.803,2.146,3.803,4.718
11,F3_Recreation,Módulo de Recreación / Social,12.0,2.0,4.0,2.257,1.128,2.289,1.292,2.289,2.84
11,F3_Transport,Módulo de Transporte y Exploración (hangar),10.0,1.826,3.333,2.06,1.03,2.154,1.216,2.154,2.673
11,F3_ISRU,Módulo de Manufactura (ISRU avanzada),30.0,3.162,10.0,3.568,1.784,3.107,1.753,3.107,3.855
11,F3_Visitors,Módulo de Visitantes / Expansión Humana,6.0,1.414,2.0,1.596,0.798,1.817,1.025,1.817,2.255
12,F1_Housing,Módulo de Vivienda (hábitat principal),185.0,7.853,61.667,8.861,4.43,5.698,3.215,5.698,7.07
12,F1_Energy,Módulo de Energía,10.0,1.826,3.333,2.06,1.03,2.154,1.216,2.154,2.673
12,F1_Comm,Módulo de Comunicación,5.0,1.291,1.667,1.457,0.728,1.71,0.965,1.71,2.122
12,F1_Control,Módulo de Control & Mantenimiento,24.0,2.828,8.0,3.192,1.596,2.884,1.627,2.884,3.579
12,F1_Medical,Módulo Médico / Emergencias,10.0,1.826,3.333,2.06,1.03,2.154,1.216,2.154,2.673
12,F2_Lab,Módulo de Laboratorio Científico,120.0,6.325,40.0,7.136,3.568,4.932,2.783,4.932,6.12
12,F2_MOXIE,Módulo de Producción de Oxígeno (MOXIE ampliado),15.0,2.236,5.0,2.523,1.262,2.466,1.391,2.466,3.06
12,F2_Cultivo,Módulo de Cultivo / Invernadero,60.0,4.472,20.0,5.046,2.523,3.915,2.209,3.915,4.857
12,F2_Storage,Módulo de Almacenamiento y Logística,60.0,4.472,20.0,5.046,2.523,3.915,2.209,3.915,4.857
12,F3_Recreation,Módulo de Recreación / Social,12.0,2.0,4.0,2.257,1.128,2.289,1.292,2.289,2.84
12,F3_Transport,Módulo de Transporte y Exploración (hangar),10.0,1.826,3.333,2.06,1.03,2.154,1.216,2.154,2.673
12,F3_ISRU,Módulo de Manufactura (ISRU avanzada),30.0,3.162,10.0,3.568,1.784,3.107,1.753,3.107,3.855
12,F3_Visitors,Módulo de Visitantes / Expansión Humana,6.0,1.414,2.0,1.596,0.798,1.817,1.025,1.817,2.255
13,F1_Housing,Módulo de Vivienda (hábitat principal),173.0,7.594,57.667,8.569,4.284,5.572,3.144,5.572,6.913
13,F1_Energy,Módulo de Energía,10.0,1.826,3.333,2.06,1.03,2.154,1.216,2.154,2.673
13,F1_Comm,Módulo de Comunicación,5.0,1.291,1.667,1.457,0.728,1.71,0.965,1.71,2.122
13,F1_Control,Módulo de Control & Mantenimiento,28.0,3.055,9.333,3.447,1.724,3.037,1.713,3.037,3.767
13,F1_Medical,Módulo Médico / Emergencias,10.0,1.826,3.333,2.06,1.03,2.154,1.216,2.154,2.673
13,F2_Lab,Módulo de Laboratorio Científico,140.0,6.831,46.667,7.708,3.854,5.192,2.93,5.192,6.442
13,F2_MOXIE,Módulo de Producción de Oxígeno (MOXIE ampliado),15.0,2.236,5.0,2.523,1.262,2.466,1.391,2.466,3.06
13,F2_Cultivo,Módulo de Cultivo / Invernadero,80.0,5.164,26.667,5.827,2.913,4.309,2.431,4.309,5.346
13,F2_Storage,Módulo de Almacenamiento y Logística,65.0,4.655,21.667,5.252,2.626,4.021,2.268,4.021,4.989
13,F3_Recreation,Módulo de Recreación / Social,12.0,2.0,4.0,2.257,1.128,2.289,1.292,2.289,2.84
13,F3_Transport,Módulo de Transporte y Exploración (hangar),10.0,1.826,3.333,2.06,1.03,2.154,1.216,2.154,2.673
13,F3_ISRU,Módulo de Manufactura (ISRU avanzada),30.0,3.162,10.0,3.568,1.784,3.107,1.753,3.107,3.855
13,F3_Visitors,Módulo de Visitantes / Expansión Humana,6.0,1.414,2.0,1.596,0.798,1.817,1.025,1.817,2.255
14,F1_Housing,Módulo de Vivienda (hábitat principal),205.0,8.266,68.333,9.328,4.664,5.896,3.327,5.896,7.316
14,F1_Energy,Módulo de Energía,10.0,1.826,3.333,2.06,1.03,2.154,1.216,2.154,2.673
14,F1_Comm,Módulo de Comunicación,5.0,1.291,1.667,1.457,0.728,1.71,0.965,1.71,2.122
14,F1_Control,Módulo de Control & Mantenimiento,28.0,3.055,9.333,3.447,1.724,3.037,1.713,3.037,3.767
14,F1_Medical,Módulo Médico / Emergencias,10.0,1.826,3.333,2.06,1.03,2.154,1.216,2.154,2.673
14,F2_Lab,Módulo de Laboratorio Científico,140.0,6.831,46.667,7.708,3.854,5.192,2.93,5.192,6.442
14,F2_MOXIE,Módulo de Producción de Oxígeno (MOXIE ampliado),15.0,2.236,5.0,2.523,1.262,2.466,1.391,2.466,3.06
14,F2_Cultivo,Módulo de Cultivo / Invernadero,80.0,5.164,26.667,5.827,2.913,4.309,2.431,4.309,5.346
14,F2_Storage,Módulo de Almacenamiento y Logística,70.0,4.83,23.333,5.451,2.725,4.121,2.325,4.121,5.113
14,F3_Recreation,Módulo de Recreación / Social,12.0,2.0,4.0,2.257,1.128,2.289,1.292,2.289,2.84
14,F3_Transport,Módulo de Transporte y Exploración (hangar),10.0,1.826,3.333,2.06,1.03,2.154,1.216,2.154,2.673
14,F3_ISRU,Módulo de Manufactura (ISRU avanzada),30.0,3.162,10.0,3.568,1.784,3.107,1.753,3.107,3.855
14,F3_Visitors,Módulo de Visitantes / Expansión Humana,6.0,1.414,2.0,1.596,0.798,1.817,1.025,1.817,2.255
15,F1_Housing,Módulo de Vivienda (hábitat principal),213.0,8.426,71.0,9.508,4.754,5.972,3.369,5.972,7.41
15,F1_Energy,Módulo de Energía,10.0,1.826,3.333,2.06,1.03,2.154,1.216,2.154,2.673
15,F1_Comm,Módulo de Comunicación,5.0,1.291,1.667,1.457,0.728,1.71,0.965,1.71,2.122
15,F1_Control,Módulo de Control & Mantenimiento,32.0,3.266,10.667,3.685,1.843,3.175,1.791,3.175,3.939
15,F1_Medical,Módulo Médico / Emergencias,10.0,1.826,3.333,2.06,1.03,2.154,1.216,2.154,2.673
15,F2_Lab,Módulo de Laboratorio Científico,160.0,7.303,53.333,8.241,4.12,5.429,3.063,5.429,6.736
15,F2_MOXIE,Módulo de Producción de Oxígeno (MOXIE ampliado),15.0,2.236,5.0,2.523,1.262,2.466,1.391,2.466,3.06
15,F2_Cultivo,Módulo de Cultivo / Invernadero,80.0,5.164,26.667,5.827,2.913,4.309,2.431,4.309,5.346
15,F2_Storage,Módulo de Almacenamiento y Logística,75.0,5.0,25.0,5.642,2.821,4.217,2.379,4.217,5.232
15,F3_Recreation,Módulo de Recreación / Social,12.0,2.0,4.0,2.257,1.128,2.289,1.292,2.289,2.84
15,F3_Transport,Módulo de Transporte y Exploración (hangar),10.0,1.826,3.333,2.06,1.03,2.154,1.216,2.154,2.673
15,F3_ISRU,Módulo de Manufactura (ISRU avanzada),30.0,3.162,10.0,3.568,1.784,3.107,1.753,3.107,3.855
15,F3_Visitors,Módulo de Visitantes / Expansión Humana,6.0,1.414,2.0,1.596,0.798,1.817,1.025,1.817,2.255
16,F1_Housing,Módulo de Vivienda (hábitat principal),245.0,9.037,81.667,10.197,5.099,6.257,3.53,6.257,7.763
16,F1_Energy,Módulo de Energía,10.0,1.826,3.333,2.06,1.03,2.154,1.216,2.154,2.673
16,F1_Comm,Módulo de Comunicación,5.0,1.291,1.667,1.457,0.728,1.71,0.965,1.71,2.122
16,F1_Control,Módulo de Control & Mantenimiento,32.0,3.266,10.667,3.685,1.843,3.175,1.791,3.175,3.939
16,F1_Medical,Módulo Médico / Emergencias,10.0,1.826,3.333,2.06,1.03,2.154,1.216,2.154,2.673
16,F2_Lab,Módulo de Laboratorio Científico,160.0,7.303,53.333,8.241,4.12,5.429,3.063,5.429,6.736
16,F2_MOXIE,Módulo de Producción de Oxígeno (MOXIE ampliado),15.0,2.236,5.0,2.523,1.262,2.466,1.391,2.466,3.06
16,F2_Cultivo,Módulo de Cultivo / Invernadero,80.0,5.164,26.667,5.827,2.913,4.309,2.431,4.309,5.346
16,F2_Storage,Módulo de Almacenamiento y Logística,80.0,5.164,26.667,5.827,2.913,4.309,2.431,4.309,5.346
16,F3_Recreation,Módulo de Recreación / Social,12.0,2.0,4.0,2.257,1.128,2.289,1.292,2.289,2.84
16,F3_Transport,Módulo de Transporte y Exploración (hangar),10.0,1.826,3.333,2.06,1.03,2.154,1.216,2.154,2.673
16,F3_ISRU,Módulo de Manufactura (ISRU avanzada),30.0,3.162,10.0,3.568,1.784,3.107,1.753,3.107,3.855
16,F3_Visitors,Módulo de Visitantes / Expansión Humana,6.0,1.414,2.0,1.596,0.798,1.817,1.025,1.817,2.255
17,F1_Housing,Módulo de Vivienda (hábitat principal),233.0,8.813,77.667,9.944,4.972,6.153,3.472,6.153,7.635
17,F1_Energy,Módulo de Energía,10.0,1.826,3.333,2.06,1.03,2.154,1.216,2.154,2.673
17,F1_Comm,Módulo de Comunicación,5.0,1.291,1.667,1.457,0.728,1.71,0.965,1.71,2.122
17,F1_Control,Módulo de Control & Mantenimiento,36.0,3.464,12.0,3.909,1.954,3.302,1.863,3.302,4.097
17,F1_Medical,Módulo Médico / Emergencias,10.0,1.826,3.333,2.06,1.03,2.154,1.216,2.154,2.673
17,F2_Lab,Módulo de Laboratorio Científico,180.0,7.746,60.0,8.74,4.37,5.646,3.186,5.646,7.005
17,F2_MOXIE,Módulo de Producción de Oxígeno (MOXIE ampliado),15.0,2.236,5.0,2.523,1.262,2.466,1.391,2.466,3.06
17,F2_Cultivo,Módulo de Cultivo / Invernadero,100.0,5.774,33.333,6.515,3.257,4.642,2.619,4.642,5.759
17,F2_Storage,Módulo de Almacenamiento y Logística,85.0,5.323,28.333,6.006,3.003,4.397,2.481,4.397,5.455
17,F3_Recreation,Módulo de Recreación / Social,12.0,2.0,4.0,2.257,1.128,2.289,1.292,2.289,2.84
17,F3_Transport,Módulo de Transporte y Exploración (hangar),10.0,1.826,3.333,2.06,1.03,2.154,1.216,2.154,2.673
17,F3_ISRU,Módulo de Manufactura (ISRU avanzada),30.0,3.162,10.0,3.568,1.784,3.107,1.753,3.107,3.855
17,F3_Visitors,Módulo de Visitantes / Expansión Humana,6.0,1.414,2.0,1.596,0.798,1.817,1.025,1.817,2.255
18,F1_Housing,Módulo de Vivienda (hábitat principal),265.0,9.399,88.333,10.605,5.303,6.423,3.624,6.423,7.969
18,F1_Energy,Módulo de Energía,10.0,1.826,3.333,2.06,1.03,2.154,1.216,2.154,2.673
18,F1_Comm,Módulo de Comunicación,5.0,1.291,1.667,1.457,0.728,1.71,0.965,1.71,2.122
18,F1_Control,Módulo de Control & Mantenimiento,36.0,3.464,12.0,3.909,1.954,3.302,1.863,3.302,4.097
18,F1_Medical,Módulo Médico / Emergencias,10.0,1.826,3.333,2.06,1.03,2.154,1.216,2.154,2.673
18,F2_Lab,Módulo de Laboratorio Científico,180.0,7.746,60.0,8.74,4.37,5.646,3.186,5.646,7.005
18,F2_MOXIE,Módulo de Producción de Oxígeno (MOXIE ampliado),15.0,2.236,5.0,2.523,1.262,2.466,1.391,2.466,3.06
18,F2_Cultivo,Módulo de Cultivo / Invernadero,100.0,5.774,33.333,6.515,3.257,4.642,2.619,4.642,5.759
18,F2_Storage,Módulo de Almacenamiento y Logística,90.0,5.477,30.0,6.18,3.09,4.481,2.528,4.481,5.56
18,F3_Recreation,Módulo de Recreación / Social,12.0,2.0,4.0,2.257,1.128,2.289,1.292,2.289,2.84
18,F3_Transport,Módulo de Transporte y Exploración (hangar),10.0,1.826,3.333,2.06,1.03,2.154,1.216,2.154,2.673
18,F3_ISRU,Módulo de Manufactura (ISRU avanzada),30.0,3.162,10.0,3.568,1.784,3.107,1.753,3.107,3.855
18,F3_Visitors,Módulo de Visitantes / Expansión Humana,6.0,1.414,2.0,1.596,0.798,1.817,1.025,1.817,2.255
19,F1_Housing,Módulo de Vivienda (hábitat principal),273.0,9.539,91.0,10.764,5.382,6.487,3.66,6.487,8.049
19,F1_Energy,Módulo de Energía,10.0,1.826,3.333,2.06,1.03,2.154,1.216,2.154,2.673
19,F1_Comm,Módulo de Comunicación,5.0,1.291,1.667,1.457,0.728,1.71,0.965,1.71,2.122
19,F1_Control,Módulo de Control & Mantenimiento,40.0,3.651,13.333,4.12,2.06,3.42,1.93,3.42,4.243
19,F1_Medical,Módulo Médico / Emergencias,10.0,1.826,3.333,2.06,1.03,2.154,1.216,2.154,2.673
19,F2_Lab,Módulo de Laboratorio Científico,200.0,8.165,66.667,9.213,4.607,5.848,3.299,5.848,7.256
19,F2_MOXIE,Módulo de Producción de Oxígeno (MOXIE ampliado),15.0,2.236,5.0,2.523,1.262,2.466,1.391,2.466,3.06
19,F2_Cultivo,Módulo de Cultivo / Invernadero,100.0,5.774,33.333,6.515,3.257,4.642,2.619,4.642,5.759
19,F2_Storage,Módulo de Almacenamiento y Logística,95.0,5.627,31.667,6.35,3.175,4.563,2.574,4.563,5.661
19,F3_Recreation,Módulo de Recreación / Social,12.0,2.0,4.0,2.257,1.128,2.289,1.292,2.289,2.84
19,F3_Transport,Módulo de Transporte y Exploración (hangar),10.0,1.826,3.333,2.06,1.03,2.154,1.216,2.154,2.673
19,F3_ISRU,Módulo de Manufactura (ISRU avanzada),30.0,3.162,10.0,3.568,1.784,3.107,1.753,3.107,3.855
19,F3_Visitors,Módulo de Visitantes / Expansión Humana,6.0,1.414,2.0,1.596,0.798,1.817,1.025,1.817,2.255
20,F1_Housing,Módulo de Vivienda (hábitat principal),305.0,10.083,101.667,11.377,5.689,6.731,3.798,6.731,8.352
20,F1_Energy,Módulo de Energía,10.0,1.826,3.333,2.06,1.03,2.154,1.216,2.154,2.673
20,F1_Comm,Módulo de Comunicación,5.0,1.291,1.667,1.457,0.728,1.71,0.965,1.71,2.122
20,F1_Control,Módulo de Control & Mantenimiento,40.0,3.651,13.333,4.12,2.06,3.42,1.93,3.42,4.243
20,F1_Medical,Módulo Médico / Emergencias,10.0,1.826,3.333,2.06,1.03,2.154,1.216,2.154,2.673
20,F2_Lab,Módulo de Laboratorio Científico,200.0,8.165,66.667,9.213,4.607,5.848,3.299,5.848,7.256
20,F2_MOXIE,Módulo de Producción de Oxígeno (MOXIE ampliado),15.0,2.236,5.0,2.523,1.262,2.466,1.391,2.466,3.06
20,F2_Cultivo,Módulo de Cultivo / Invernadero,100.0,5.774,33.333,6.515,3.257,4.642,2.619,4.642,5.759
20,F2_Storage,Módulo de Almacenamiento y Logística,100.0,5.774,33.333,6.515,3.257,4.642,2.619,4.642,5.759
20,F3_Recreation,Módulo de Recreación / Social,12.0,2.0,4.0,2.257,1.128,2.289,1.292,2.289,2.84
20,F3_Transport,Módulo de Transporte y Exploración (hangar),10.0,1.826,3.333,2.06,1.03,2.154,1.216,2.154,2.673
20,F3_ISRU,Módulo de Manufactura (ISRU avanzada),30.0,3.162,10.0,3.568,1.784,3.107,1.753,3.107,3.855
20,F3_Visitors,Módulo de Visitantes / Expansión Humana,6.0,1.414,2.0,1.596,0.798,1.817,1.025,1.817,2.255
